{"cameraMode":{"drawMode":0,"name":"Shaded","section":"Shading Mode"},"sceneLighting":true,"audioPlay":false,"sceneViewState":{"showFog":true,"showMaterialUpdate":false,"showSkybox":true,"showFlares":true,"showImageEffects":true,"showParticleSystems":true},"in2DMode":false,"pivot":{"x":-1.4344987869262696,"y":-3.0684850215911867,"z":10.841789245605469},"rotation":{"x":0.17982618510723115,"y":-0.15103517472743989,"z":0.02795066311955452,"w":0.9716675877571106},"size":15.98965072631836,"orthographic":false}