{"cameraMode":{"drawMode":0,"name":"Shaded","section":"Shading Mode"},"sceneLighting":false,"audioPlay":false,"sceneViewState":{"showFog":true,"showMaterialUpdate":false,"showSkybox":false,"showFlares":true,"showImageEffects":true,"showParticleSystems":true},"in2DMode":false,"pivot":{"x":-0.0031124353408813478,"y":1.0453696250915528,"z":-0.0031123459339141847},"rotation":{"x":-0.6494461894035339,"y":-0.24003559350967408,"z":0.22770018875598908,"w":-0.6846798062324524},"size":2.4478843212127687,"orthographic":false}